issue title,issue link,pull request link,fixing commit id,root cause,bug-triggering pattern
torch.compile doesn't respect resize_() on graph inputs,https://github.com/pytorch/pytorch/issues/97921,https://github.com/pytorch/pytorch/pull/98279,https://github.com/pytorch/pytorch/commit/fd0be80dd11fbb7a3147f3d6b839326a3cf69a11,Unfaithful Program Tracing,Non-Tensor Construct
[torch.compile] `Linear+Relu` * 3 will return different value than without compilation,https://github.com/pytorch/pytorch/issues/98852,https://github.com/pytorch/pytorch/pull/98880,https://github.com/pytorch/pytorch/commit/78ff7ca24aa2fcc1f84cfae7335f333114968f32,Unfaithful Program Tracing,Non-Tensor Construct
[torch.compile] ModuleList does not correctly test for truth,https://github.com/pytorch/pytorch/issues/102315,https://github.com/pytorch/pytorch/pull/102583,https://github.com/pytorch/pytorch/commit/d92bb036a49dd4238268a2c5007e01783a553431,Unfaithful Program Tracing,Non-Tensor Construct
[Dynamo] VariableTracker.recursively_contains doesn't get update correctly when mutation happens,https://github.com/pytorch/pytorch/issues/103563,https://github.com/pytorch/pytorch/pull/103717,https://github.com/pytorch/pytorch/commit/703875e364cc349baf1d1d6a5d3defea7fec4188,Unfaithful Program Tracing,Non-Tensor Construct
Dynamo silently ignores TorchDispatchMode,https://github.com/pytorch/pytorch/issues/105929,https://github.com/pytorch/pytorch/pull/131828,https://github.com/pytorch/pytorch/commit/93979e70631ae90afe26c25ef620b311c9b6a8f5,Unfaithful Program Tracing,Non-Tensor Construct
[Dynamo] torch.manual_seed ignored,https://github.com/pytorch/pytorch/issues/107187,https://github.com/pytorch/pytorch/pull/107594,https://github.com/pytorch/pytorch/commit/6c28de24374db3b2a58aabf62985d18ce899c91f,Unfaithful Program Tracing,Non-Tensor Construct
"Mismatching behaviour of tensor assignment ""a.data = b"" between torch.compile and eager execution",https://github.com/pytorch/pytorch/issues/113030,https://github.com/pytorch/pytorch/pull/113043,https://github.com/pytorch/pytorch/commit/ddfe5725342b0c0f707222879ca9dac305f97210,Unfaithful Program Tracing,Non-Tensor Construct
"Dynamo'ing Rprop, RMSprop, and Adadelta misses incrementing step due to skipping _init_group",https://github.com/pytorch/pytorch/issues/115679,https://github.com/pytorch/pytorch/pull/122971,https://github.com/pytorch/pytorch/commit/267145c5d044d9652308d567886e7cf9c111c23b,Unfaithful Program Tracing,Non-Tensor Construct
Dynamo x autograd.Function: silently ignores all of the ctx.methods,https://github.com/pytorch/pytorch/issues/118396,https://github.com/pytorch/pytorch/pull/133978,https://github.com/pytorch/pytorch/pull/133978,Unfaithful Program Tracing,Non-Tensor Construct
[torch.compile] `split_cat_norm` and `cat_mutated` cause the optimized model to return a tensor with wrong shape,https://github.com/pytorch/pytorch/issues/122379,https://github.com/pytorch/pytorch/pull/122751,https://github.com/pytorch/pytorch/commit/96fe3c5d46851535f5166a91e02e206700b4ea80,Unfaithful Program Tracing,Non-Tensor Construct
torch.compile fails to preserve gradients when an input requiring grad is mutated,https://github.com/pytorch/pytorch/issues/128035,https://github.com/pytorch/pytorch/pull/128229,https://github.com/pytorch/pytorch/commit/6e7a23475d603b6d1a971c4c385cfdd7fd407474,Broken Aliasing and Mutation Semantics,Non-Tensor Construct
capture_dynamic_output_shape_ops=True changing expected output between eager and compiled versions,https://github.com/pytorch/pytorch/issues/130290,https://github.com/pytorch/pytorch/pull/144695,https://github.com/pytorch/pytorch/commit/90448f0128d8090a07325be24bd513c4d14bed6d,Faulty Symbolic-Variable Resolving,Non-Tensor Construct
torch.library.custom_op with mutated inputs can have silent incorrectness under torch.compile,https://github.com/pytorch/pytorch/issues/130487,https://github.com/pytorch/pytorch/pull/133888,https://github.com/pytorch/pytorch/commit/346e0f605fdea5618c91b30894b94a97ddf1354b,Broken Aliasing and Mutation Semantics,Non-Tensor Construct
[dynamo] map in dynamo doesn't return an iterable,https://github.com/pytorch/pytorch/issues/130750,https://github.com/pytorch/pytorch/pull/131413,https://github.com/pytorch/pytorch/commit/7d282d87550787d8269593093519c2ad7c5032cd,Unfaithful Program Tracing,Non-Tensor Construct
Significant Accuracy Difference between Compiled and Eager Flex Attention,https://github.com/pytorch/pytorch/issues/135161,https://github.com/pytorch/pytorch/pull/140761,https://github.com/pytorch/pytorch/commit/0f9eea1329f6ae59cd10c7c0a6e7d9cfa1a2c643,Unfaithful Program Tracing,Non-Tensor Construct
torch.compiled custom Triton kernels can output incorrect results,https://github.com/pytorch/pytorch/issues/136550,https://github.com/pytorch/pytorch/pull/137236,https://github.com/pytorch/pytorch/commit/e80f47fb4d1556257f75be3859231eaffa1c8acc,Unfaithful Program Tracing,Non-Tensor Construct
compiling attention layer with dynamic shapes yields nans,https://github.com/pytorch/pytorch/issues/141710,https://github.com/pytorch/pytorch/pull/141725,https://github.com/pytorch/pytorch/commit/af3e7389ef324091a07eacc668d8e9faa7bc16f3,Faulty Symbolic-Variable Resolving,Non-Tensor Construct
Constant folding pass leads to model inference errors,https://github.com/pytorch/pytorch/issues/145697,https://github.com/pytorch/pytorch/pull/145714,https://github.com/pytorch/pytorch/commit/2e80093306d06f3f2094cca9460799732f50f84a,Unsound Graph Optimization,Non-Tensor Construct
`F.interpolate()` + `torch.compile(dynamic=True)` produces wrong shape,https://github.com/pytorch/pytorch/issues/147261,https://github.com/pytorch/pytorch/pull/147552,https://github.com/pytorch/pytorch/commit/9e6b2ca58d6fe2327165e3521a5697d5e13321a9,Faulty Symbolic-Variable Resolving,Non-Tensor Construct
assert fails to trigger inside torch.compile,https://github.com/pytorch/pytorch/issues/147282,https://github.com/pytorch/pytorch/pull/160677,https://github.com/pytorch/pytorch/commit/cddcaa19035d6414a351be7c7b16c47d5a0c3466,Unfaithful Program Tracing,Non-Tensor Construct
"Inductor layout constraints for custom operators changed from 2.5->2.6, breaking BC",https://github.com/pytorch/pytorch/issues/148356,https://github.com/pytorch/pytorch/pull/148367,https://github.com/pytorch/pytorch/commit/6cc3e6910381fb8a8622a14c065e3afbd772cbc3,Unfaithful Program Tracing,Non-Tensor Construct
Dynamo has limited support for `__instancecheck__` in meta types,https://github.com/pytorch/pytorch/issues/149991,https://github.com/pytorch/pytorch/pull/172222,https://github.com/pytorch/pytorch/commit/c230252beb41f06cc6b3c015be0faab921a4fcde,Unfaithful Program Tracing,Non-Tensor Construct
Backed size oblivious not working as expected,https://github.com/pytorch/pytorch/issues/150184,https://github.com/pytorch/pytorch/pull/150222,https://github.com/pytorch/pytorch/commit/c6d79c163c86ae2442575b07242f8cd61ad1f0e7,Faulty Symbolic-Variable Resolving,Non-Tensor Construct
torch.compile failed to handle a custom __delattr__ method correctly,https://github.com/pytorch/pytorch/issues/150765,https://github.com/pytorch/pytorch/pull/150899,https://github.com/pytorch/pytorch/commit/e9c31fb86d0f22161d445519c69170a5bcb6e534,Unfaithful Program Tracing,Non-Tensor Construct
Wrong handling of deferred  == and != runtime checks in torch.compile!,https://github.com/pytorch/pytorch/issues/151127,https://github.com/pytorch/pytorch/pull/151170,https://github.com/pytorch/pytorch/commit/55595e0c85b1f5d33a7a163afa774ab12f8d3eaf,Faulty Symbolic-Variable Resolving,Non-Tensor Construct
[inductor] [silent incorrectness] Multiple internal `torch.rand` can lead to inconsistent results with eager,https://github.com/pytorch/pytorch/issues/151524,https://github.com/pytorch/pytorch/pull/157981,https://github.com/pytorch/pytorch/commit/fca7013f85d4e7ac07bdd461f490aa159feac6a0,Unsound Graph Optimization,Non-Tensor Construct
Set inplace operations are not updating the set inplace,https://github.com/pytorch/pytorch/issues/153552,https://github.com/pytorch/pytorch/pull/154063,https://github.com/pytorch/pytorch/commit/11c71053e0f3c2a9dde2611625098649ed7ece47,Unfaithful Program Tracing,Non-Tensor Construct
Partitioner loses Inplace ops where source is constant,https://github.com/pytorch/pytorch/issues/155242,https://github.com/pytorch/pytorch/pull/155353,https://github.com/pytorch/pytorch/commit/0083032e7559dc8f02483ba60373adfcdaf9dae6,Broken Aliasing and Mutation Semantics,Non-Tensor Construct
`torch.compile(nn.ModuleList())` changes `bool()` behavior,https://github.com/pytorch/pytorch/issues/159139,https://github.com/pytorch/pytorch/pull/159208,https://github.com/pytorch/pytorch/commit/21b48f8dfa7685699df4c97c0ba373d5364230d9,Unfaithful Program Tracing,Non-Tensor Construct
[dynamo] traced autograd.Function silently incorrect due to bad requires_grad propagation,https://github.com/pytorch/pytorch/issues/160901,https://github.com/pytorch/pytorch/pull/161036,https://github.com/pytorch/pytorch/commit/8aad3a60ce16a4acab17a8e46e5df339db2ff740,Unfaithful Program Tracing,Non-Tensor Construct
Backpropagation to flex_attention `score_mod` biases fails based on presence of graph breaks,https://github.com/pytorch/pytorch/issues/162228,https://github.com/pytorch/pytorch/pull/163677,https://github.com/pytorch/pytorch/commit/e2ce79e4cce5327b71fcf366fad1133030563285,Unfaithful Program Tracing,Non-Tensor Construct
[dynamo] Incorrect handling of functools.partial as dict key,https://github.com/pytorch/pytorch/issues/169010,https://github.com/pytorch/pytorch/pull/169016,https://github.com/pytorch/pytorch/commit/f1076f5510920044912247b1abb8760cb820f598,Unfaithful Program Tracing,Non-Tensor Construct
bound_sympy does wrong analysis for pythonmod,https://github.com/pytorch/pytorch/issues/169602,https://github.com/pytorch/pytorch/pull/169612,https://github.com/pytorch/pytorch/commit/347c6ecf8abc32c92f56ab2cfd42f65c147aca7e,Faulty Symbolic-Variable Resolving,Non-Tensor Construct
UserDefinedTuple equality does not match eager mode,https://github.com/pytorch/pytorch/issues/172666,https://github.com/pytorch/pytorch/pull/172667,https://github.com/pytorch/pytorch/commit/ccc09a827644d3df3c3c489ef77cd6d5d0a6e3d4,Unfaithful Program Tracing,Non-Tensor Construct
[torch.compile] WRONG VALUE for `split+cat`,https://github.com/pytorch/pytorch/issues/99686,https://github.com/pytorch/pytorch/pull/99700,https://github.com/pytorch/pytorch/commit/1fc4d58f43260c818440d52affe6d84dab06f6f6,Unsound Graph Optimization,Optimization-Triggering Sequence
[torch.compile] returns different value/type tensor with naive execution,https://github.com/pytorch/pytorch/issues/109925,https://github.com/pytorch/pytorch/pull/109960,https://github.com/pytorch/pytorch/commit/fe5e63f5db3e065332cc7e0dffb69df01639454d,Incorrect Operand Type-Promotion,Optimization-Triggering Sequence
Custom FFT implementation returns unexpected results when using torch.compile,https://github.com/pytorch/pytorch/issues/111884,https://github.com/pytorch/pytorch/pull/129806,https://github.com/pytorch/pytorch/commit/dc75ec252a952e274222f0e0d0478873f246d2b4,Incorrect Kernel Code Generation,Optimization-Triggering Sequence
[Inductor][miscompile] Input of torch.add abnormally changed when processing complex64 data,https://github.com/pytorch/pytorch/issues/115071,https://github.com/pytorch/pytorch/pull/115166,https://github.com/pytorch/pytorch/commit/534f25887bafefa2680aeab5b02ee73ce2551ba6,Unsound Graph Optimization,Optimization-Triggering Sequence
[Inductor][cpu][miscompile] Outputs of torch.tan abnormally change when adding an intermediate result as output,https://github.com/pytorch/pytorch/issues/115260,https://github.com/pytorch/pytorch/pull/118365,https://github.com/pytorch/pytorch/commit/b4b1480b0634a5fb7e116053464301d192e2583a,Incorrect Operand Type-Promotion,Optimization-Triggering Sequence
"Inductor can return a tensor with different output strides, even with layout optimization disabled",https://github.com/pytorch/pytorch/issues/116433,https://github.com/pytorch/pytorch/pull/122239,https://github.com/pytorch/pytorch/commit/18c164ef7c176f4ecd997c2a38ef39044f7c4d35,Incorrect Layout Propagation,Optimization-Triggering Sequence
[torch.addmm] [torch.cat] Abnormal random output when using torch.compile(),https://github.com/pytorch/pytorch/issues/137254,https://github.com/pytorch/pytorch/pull/132554,https://github.com/pytorch/pytorch/commit/4aed81c0db8d812c437be6bd07382fb34fbb4883,Unsound Graph Optimization,Optimization-Triggering Sequence
aot_eager causes CPU RNG behavior to change,https://github.com/pytorch/pytorch/issues/143431,https://github.com/pytorch/pytorch/pull/144319,https://github.com/pytorch/pytorch/commit/7f1946aa9bace74f23e7d8b08cd52687d096b8e1,Unsound Graph Optimization,Optimization-Triggering Sequence
precision error for attention like-operation,https://github.com/pytorch/pytorch/issues/151098,https://github.com/pytorch/pytorch/pull/174361,https://github.com/pytorch/pytorch/commit/de07f069733449b6dbe935d72cd68150a3ca9f30,Unsound Graph Optimization,Optimization-Triggering Sequence
[inductor] [silent incorrectness] `torch.nn.PairwiseDistance(p=2)` outputs incorrect results with eager,https://github.com/pytorch/pytorch/issues/151198,https://github.com/pytorch/pytorch/pull/152993,https://github.com/pytorch/pytorch/commit/e5f869999cf5429e24fbb5c3923a5c795549b9e7,Incorrect Kernel Code Generation,Optimization-Triggering Sequence
`torch.compile` generates wrong code that leads to corrupted memory,https://github.com/pytorch/pytorch/issues/159154,https://github.com/pytorch/pytorch/pull/160857,https://github.com/pytorch/pytorch/commit/23b033452fb1d4b404216279bbf5b6d06d8570c3,Incorrect Layout Propagation,Optimization-Triggering Sequence
torch compile produces nans with GQA,https://github.com/pytorch/pytorch/issues/159469,https://github.com/pytorch/pytorch/pull/162304,https://github.com/pytorch/pytorch/commit/0f45aaf4414048b17d720d0915ce221a8de8ec63,Incorrect Operand Type-Promotion,Optimization-Triggering Sequence
incorrect fusion cause numerical issue,https://github.com/pytorch/pytorch/issues/162410,https://github.com/pytorch/pytorch/pull/162459,https://github.com/pytorch/pytorch/commit/f34744d2a5eae350682cd234178ade441057e1d6,Unsound Graph Optimization,Optimization-Triggering Sequence
[Inductor] Wrong results for neg + uint8 on CUDA,https://github.com/pytorch/pytorch/issues/96604,https://github.com/pytorch/pytorch/pull/101468,https://github.com/pytorch/pytorch/commit/e5b7c7a04fae8c58de30a647d7e879f4ffc9eda2,Incorrect Kernel Code Generation,Boundary-Value Input
[cpu inductor] where is silently incorrect when SIMD code is generated.,https://github.com/pytorch/pytorch/issues/100800,https://github.com/pytorch/pytorch/pull/100950,https://github.com/pytorch/pytorch/commit/b33c9c7c9f897b2ed0cba6987f505911727e8005,Incorrect Kernel Code Generation,Boundary-Value Input
Inconsistent Behavior Between Eager Execution and Compiled Execution for adaptive_avg_pool1d and argmax,https://github.com/pytorch/pytorch/issues/113013,https://github.com/pytorch/pytorch/pull/113168,https://github.com/pytorch/pytorch/commit/8c704f7a0e2794125be80cb372b2374f6a57218e,Incorrect Kernel Code Generation,Boundary-Value Input
Output mismatch of torch.sum with torch.compile when swapping the input parameters of torch.mul on CPU,https://github.com/pytorch/pytorch/issues/113141,https://github.com/pytorch/pytorch/pull/113253,https://github.com/pytorch/pytorch/commit/cb48f7855adb9dcefb6855c2ef99aa5a26b16e86,Incorrect Kernel Code Generation,Boundary-Value Input
Inconsistency error with `torch.sinh` and `torch.relu` in PyTorch Model,https://github.com/pytorch/pytorch/issues/117544,https://github.com/pytorch/pytorch/pull/117622,https://github.com/pytorch/pytorch/commit/af831415a876079a2ff63d72ae99d03e4c11aebd,Incorrect Kernel Code Generation,Boundary-Value Input
Inconsistency with torch.log1p combined with torch.argmax in torch.compile,https://github.com/pytorch/pytorch/issues/118266,https://github.com/pytorch/pytorch/pull/118358,https://github.com/pytorch/pytorch/commit/ee3dfbbe470822a50516310384ecce071ec79f7c,Incorrect Kernel Code Generation,Boundary-Value Input
Inconsistency with `torch.acosh` with torch.compile,https://github.com/pytorch/pytorch/issues/118267,https://github.com/pytorch/pytorch/pull/118350,https://github.com/pytorch/pytorch/commit/8dd1be49b7c17223ed6de18fac4471abc6735aae,Incorrect Kernel Code Generation,Boundary-Value Input
torch.compile for torch.cumsum returns nans sometimes with all inf inputs,https://github.com/pytorch/pytorch/issues/132107,https://github.com/pytorch/pytorch/pull/132293,https://github.com/pytorch/pytorch/commit/de288e2203f0c78493a0fa96e827d9f024396b37,Incorrect Kernel Code Generation,Boundary-Value Input
triton_helpers.bucketize_binary_search does not support strided tensors,https://github.com/pytorch/pytorch/issues/135873,https://github.com/pytorch/pytorch/pull/135701,https://github.com/pytorch/pytorch/commit/a9685767773157440c162caaf125856e04e2981f,External Dependency and Toolchain Misuse,Boundary-Value Input
torch.compile for division gives different numeric output vs eager mode division: torch.tensor/torch.tensor,https://github.com/pytorch/pytorch/issues/141753,https://github.com/pytorch/pytorch/pull/164144,https://github.com/pytorch/pytorch/commit/c8c5187e85f4f7c7b0d4c2efe6cf5693ee0c6c10,Incorrect Kernel Code Generation,Boundary-Value Input
[Inductor] [CPU] `torch.asinh` outputs `-inf` when using inductor on CPU,https://github.com/pytorch/pytorch/issues/142345,https://github.com/pytorch/pytorch/pull/142360,https://github.com/pytorch/pytorch/commit/00b02101390b718aa0e626e808a1a944b7223c8c,Incorrect Kernel Code Generation,Boundary-Value Input
[Inductor] [CPU] `nn.LayerNorm` outputs numerical error compared with eager,https://github.com/pytorch/pytorch/issues/143182,https://github.com/pytorch/pytorch/pull/145061,https://github.com/pytorch/pytorch/commit/c36ac16da181989e32458bf52b5bc8ae99a0bb92,Incorrect Kernel Code Generation,Boundary-Value Input
[Inductor] [CPU] [silent] `bitwise_right_shift` outputs wrong results when `other==64`,https://github.com/pytorch/pytorch/issues/143555,https://github.com/pytorch/pytorch/pull/143635,https://github.com/pytorch/pytorch/commit/607884c9afeb29fd230ed2fbadae92377e47dc97,Incorrect Kernel Code Generation,Boundary-Value Input
torch.special.polygamma outputs incorrect when using torch.compile,https://github.com/pytorch/pytorch/issues/143648,https://github.com/pytorch/pytorch/pull/144058,https://github.com/pytorch/pytorch/commit/d41134f7e5790e9cc6bee3eb3a1b472329e3d3f1,Incorrect Kernel Code Generation,Boundary-Value Input
polygamma is less precise on torch.compile when n == 1,https://github.com/pytorch/pytorch/issues/147450,https://github.com/pytorch/pytorch/pull/147453,https://github.com/pytorch/pytorch/commit/4f14224dc87bea0b01f696d9362b3284c0aa345f,Incorrect Kernel Code Generation,Boundary-Value Input
[inductor] [cpu] `nn.Tanhshrink-atan2` output inconsistent results with eager,https://github.com/pytorch/pytorch/issues/148241,https://github.com/pytorch/pytorch/pull/148254,https://github.com/pytorch/pytorch/commit/165e33531c489c92c994a02f3e55ce3261c794e5,Incorrect Kernel Code Generation,Boundary-Value Input
[inductor] [cpu] `torch.outer` outputs inconsistent res when input tesnor is very large,https://github.com/pytorch/pytorch/issues/151400,https://github.com/pytorch/pytorch/pull/163144,https://github.com/pytorch/pytorch/commit/53947adb1f566ca1fc54ab42009f097d5496a25e,Incorrect Kernel Code Generation,Boundary-Value Input
Invalid handling of nans in compiled torch.quantile / torch.nanquantile on cuda,https://github.com/pytorch/pytorch/issues/152423,https://github.com/pytorch/pytorch/pull/159308,https://github.com/pytorch/pytorch/commit/f3a9e990366e2d4494080c431de934ebca7358c2,Incorrect Kernel Code Generation,Boundary-Value Input
Potential indexing issues in compile for large tensors,https://github.com/pytorch/pytorch/issues/154168,https://github.com/pytorch/pytorch/pull/154575,https://github.com/pytorch/pytorch/commit/2596e3d0617852469241be8777cf46db5c83928c,Incorrect Kernel Code Generation,Boundary-Value Input
[Inductor] Output discrepancy between Inductor and eager of mean with input of a large size tensor,https://github.com/pytorch/pytorch/issues/154703,https://github.com/pytorch/pytorch/pull/156296,https://github.com/pytorch/pytorch/commit/efc4b460b3789d97b87d775f86c5f4ee8dfb5629,Incorrect Kernel Code Generation,Boundary-Value Input
"[inductor] [cpu] cpu inductor incorrectly processes `.to(torch.uint8)`, resulting in numerical inconsistency",https://github.com/pytorch/pytorch/issues/156788,https://github.com/pytorch/pytorch/pull/157267,https://github.com/pytorch/pytorch/commit/6f23f53599629a47d6e097b2a027048658a142d4,Incorrect Operand Type-Promotion,Boundary-Value Input
`neg` + `add` computation including `uint` tensor is incorrect under inductor,https://github.com/pytorch/pytorch/issues/161763,https://github.com/pytorch/pytorch/pull/161922,https://github.com/pytorch/pytorch/commit/62c3f9a97fd3dea7132a93066d32d893ffe101e6,Incorrect Operand Type-Promotion,Boundary-Value Input
torch.nn.functional.normalize outputs vectors with norm>1 with torch.compile + cuda,https://github.com/pytorch/pytorch/issues/163082,https://github.com/pytorch/pytorch/pull/163419,https://github.com/pytorch/pytorch/commit/518c32067670cc486eb546fbc75461f9e2718a81,External Dependency and Toolchain Misuse,Boundary-Value Input
Inconsistent behaviours when padding size is zero,https://github.com/pytorch/pytorch/issues/97117,https://github.com/pytorch/pytorch/pull/100082,https://github.com/pytorch/pytorch/commit/763e0a9027d291e9316faeac8dd88cc95f26ec6d,Incorrect Operator Decomposition,Parameterized Operator
`torch.compile` produce wrong backward gradient result in `pad` when `mode=reflect`,https://github.com/pytorch/pytorch/issues/100793,https://github.com/pytorch/pytorch/pull/100923,https://github.com/pytorch/pytorch/commit/b179d34a198076d0ec7a321df73e6016cd8676b5,Incorrect Operator Decomposition,Parameterized Operator
[torch.compile] returns WRONG VALUE for `batch_norm` with different shape,https://github.com/pytorch/pytorch/issues/100970,https://github.com/pytorch/pytorch/pull/101059,https://github.com/pytorch/pytorch/commit/788ff0623b81ba51ad94d0954e0270c9e53cd647,Incorrect Operator Decomposition,Parameterized Operator
[torch.compile] returns inconsistent value `AvgPool` when `ceil_mode = True`,https://github.com/pytorch/pytorch/issues/100987,https://github.com/pytorch/pytorch/pull/101789,https://github.com/pytorch/pytorch/commit/0a694dba2b9a4656acbf62ad1ec35a8af8ee74ed,Incorrect Operator Decomposition,Parameterized Operator
[torch.compile] the sum of `softmax` isn't `1` on cuda,https://github.com/pytorch/pytorch/issues/101039,https://github.com/pytorch/pytorch/pull/121924,https://github.com/pytorch/pytorch/commit/03439d4c1c39d6957d09b6024946c92849b30ffc,Incorrect Operator Decomposition,Parameterized Operator
Inconsistent output of torch.nn.Conv2d with torch.compile over multiple runs,https://github.com/pytorch/pytorch/issues/113018,https://github.com/pytorch/pytorch/pull/113261,https://github.com/pytorch/pytorch/commit/fcdfcdeef93fa8243f63f819fe185f068b79177b,Incorrect Layout Propagation,Parameterized Operator
Different behaviors on`torch.var_mean` with torch.compile(default mode),https://github.com/pytorch/pytorch/issues/113167,https://github.com/pytorch/pytorch/pull/113284,https://github.com/pytorch/pytorch/commit/44f1c6e41c3cf636ba8f691fafbe3b4be621e718,Incorrect Operator Decomposition,Parameterized Operator
different outputs of torch.diag_embed between torch.compile mode and eagermode,https://github.com/pytorch/pytorch/issues/117019,https://github.com/pytorch/pytorch/pull/120549,https://github.com/pytorch/pytorch/commit/1c67f6cb269db5baaf2441cc39e4ebce0a813de3,Incorrect Operator Decomposition,Parameterized Operator
Gumbel Vector Quantizer produces NaN when using with torch.compile,https://github.com/pytorch/pytorch/issues/127749,https://github.com/pytorch/pytorch/pull/129154,https://github.com/pytorch/pytorch/commit/8cd9b104568754c088f843eebeb9f2b4f1c426d2,Incorrect Operator Decomposition,Parameterized Operator
[Inductor] `FractionalMaxPool2d` triggers inconsistent results when using `torch.compile()`,https://github.com/pytorch/pytorch/issues/141538,https://github.com/pytorch/pytorch/pull/144395,https://github.com/pytorch/pytorch/commit/ccc2878c978258ec88f7ec591305ba5b13e06579,Incorrect Operator Decomposition,Parameterized Operator
"[Inductor] [CPU] `config.fallback_random = True` has a negative effect for `nn.Dropout1d`, `nn.Dropout2d`, and `nn.Dropout3d` on CPU",https://github.com/pytorch/pytorch/issues/142853,https://github.com/pytorch/pytorch/pull/143460,https://github.com/pytorch/pytorch/commit/288aa873831057b1eb7d747914ec4fdc76c23a80,Incorrect Operator Decomposition,Parameterized Operator
[inductor] [cpu] [silent] `avg_pool2d` incorrectly process int64,https://github.com/pytorch/pytorch/issues/143738,https://github.com/pytorch/pytorch/pull/144059,https://github.com/pytorch/pytorch/commit/d71f1111096c568218c31e187d9e5f38a3a256d0,Incorrect Operator Decomposition,Parameterized Operator
torch.dist is more numerical unstable on scalar input after torch.compile,https://github.com/pytorch/pytorch/issues/143960,https://github.com/pytorch/pytorch/pull/144073,https://github.com/pytorch/pytorch/commit/957faaadca78ec453d60f2fe986c1191e2e7c5b6,Incorrect Operator Decomposition,Parameterized Operator
[Inductor][GPU] Input is padded with incorrect value when executing `torch.nn.functional.pad` on gpu,https://github.com/pytorch/pytorch/issues/144462,https://github.com/pytorch/pytorch/pull/144782,https://github.com/pytorch/pytorch/commit/a9ae3340ca99615e09f9e6aa4a141f75fed400a8,External Dependency and Toolchain Misuse,Parameterized Operator
torch.logit works incorrectly when input < eps after torch.compile,https://github.com/pytorch/pytorch/issues/145379,https://github.com/pytorch/pytorch/pull/145576,https://github.com/pytorch/pytorch/commit/9728e900dcd72115abd2ce52d2c7da191e67e067,Incorrect Operator Decomposition,Parameterized Operator
Incorrect strides for `nonzero_static` compilation,https://github.com/pytorch/pytorch/issues/152634,https://github.com/pytorch/pytorch/pull/164120,https://github.com/pytorch/pytorch/commit/aba14f6fa02d0c8e805fa974d051752cd9a489fc,Incorrect Layout Propagation,Parameterized Operator
torch.linalg.vector_norm regression in torch.compile in PT2.8,https://github.com/pytorch/pytorch/issues/153568,https://github.com/pytorch/pytorch/pull/153570,https://github.com/pytorch/pytorch/commit/3742b7fb3ab677cdfd4294a0b683044b67f4c358,Incorrect Operator Decomposition,Parameterized Operator
Torch compile don't work correctly with divide by scalar,https://github.com/pytorch/pytorch/issues/157959,https://github.com/pytorch/pytorch/pull/158231,https://github.com/pytorch/pytorch/commit/92e93bb580f31d405a72ee58f30fe82908bbeacf,Incorrect Operator Decomposition,Parameterized Operator
torch.compile don't work with searchsorted,https://github.com/pytorch/pytorch/issues/163528,https://github.com/pytorch/pytorch/pull/165064,https://github.com/pytorch/pytorch/commit/f5543e3741bbfba4579afc3b49d0720f2eee7e4d,Incorrect Operator Decomposition,Parameterized Operator
[Bug][Inductor] `addmm -> add(mm)` ignores parameters `alpha/beta`,https://github.com/pytorch/pytorch/issues/167313,https://github.com/pytorch/pytorch/pull/167317,https://github.com/pytorch/pytorch/commit/b62935d1a53f5963f74119bdec64fdcded2bbcb6,Incorrect Operator Decomposition,Parameterized Operator
[BUG][Inconsistency]aten.__upsample_nearest gives different results on Inductor vs Eager with bfloat16,https://github.com/pytorch/pytorch/issues/170682,https://github.com/pytorch/pytorch/pull/171151,https://github.com/pytorch/pytorch/commit/1f838e03d4323ae22c3bb8897136c6463bc44c37,Incorrect Operator Decomposition,Parameterized Operator
TorchInductor returns wrong output shape for aten.isin with scalar input,https://github.com/pytorch/pytorch/issues/171262,https://github.com/pytorch/pytorch/pull/171272,https://github.com/pytorch/pytorch/commit/09d8c0d0de55b51993766e903a0076426653f46d,Incorrect Operator Decomposition,Parameterized Operator
[Inconsistency] aten.view_copy produces inconsistent output shapes between eager and inductor,https://github.com/pytorch/pytorch/issues/171366,https://github.com/pytorch/pytorch/pull/171442,https://github.com/pytorch/pytorch/commit/adcfceb53b5174c1743cdb07ca244811f2fb298b,Incorrect Operator Decomposition,Parameterized Operator
Starting on 11/21 nightlies with inference_mode() gives black images using diffusers SD,https://github.com/pytorch/pytorch/issues/116848,https://github.com/pytorch/pytorch/pull/117538,https://github.com/pytorch/pytorch/commit/d0fc268918236d8a56cc0ad82ace001160281a17,Incorrect Operator Decomposition,No minimal reproducer
[compile] Correctness and reproducibility issue,https://github.com/pytorch/pytorch/issues/159855,https://github.com/pytorch/pytorch/pull/162316,https://github.com/pytorch/pytorch/commit/f34744d2a5eae350682cd234178ade441057e1d6,Unsound Graph Optimization,No minimal reproducer
AOTautograd returns wrong result for in_place update on input which is view tensor,https://github.com/pytorch/pytorch/issues/93363,https://github.com/pytorch/pytorch/pull/102767,https://github.com/pytorch/pytorch/commit/f22148f0ed8db4b381a2feeb6053b140d7c5bae2,Broken Aliasing and Mutation Semantics,Aliased Mutation
Inconsitent results before/after compilation for squeeze + tensor mutation + if statement,https://github.com/pytorch/pytorch/issues/97083,https://github.com/pytorch/pytorch/pull/115279,https://github.com/pytorch/pytorch/commit/0fc04e274de9d6a52172674e294c1b73d43a50e9,Broken Aliasing and Mutation Semantics,Aliased Mutation
[pt2] `add` + `unfold` + `abs_` produces wrong results,https://github.com/pytorch/pytorch/issues/98143,https://github.com/pytorch/pytorch/pull/99919,https://github.com/pytorch/pytorch/commit/bb4e9e9124a81859de6ac1ef0c0798643cb9b7a6,Broken Aliasing and Mutation Semantics,Aliased Mutation
Wrong functionalization of as_strided leads to wrong results,https://github.com/pytorch/pytorch/issues/104505,https://github.com/pytorch/pytorch/pull/122502,https://github.com/pytorch/pytorch/commit/2fe672b146e776d18fcb794ca3cbb4e52d32ba8e,Broken Aliasing and Mutation Semantics,Aliased Mutation
Silent correctness issue if input tensors have existing storage offsets,https://github.com/pytorch/pytorch/issues/108472,https://github.com/pytorch/pytorch/pull/108259,https://github.com/pytorch/pytorch/commit/bddd30ca7ac4f9bf4d0f2780a63c862cf601209e,Broken Aliasing and Mutation Semantics,Aliased Mutation
[inductor] Function returns wrong value,https://github.com/pytorch/pytorch/issues/108963,https://github.com/pytorch/pytorch/pull/110677,https://github.com/pytorch/pytorch/commit/a11d4a8378323a1f611fbb21f7f3ad94be783fec,Broken Aliasing and Mutation Semantics,Aliased Mutation
Behavior Discrepancy Between Eager Mode and Optimized Mode for torch.abs with transposed out,https://github.com/pytorch/pytorch/issues/113010,https://github.com/pytorch/pytorch/pull/113267,https://github.com/pytorch/pytorch/commit/720e866d180e152e0cae646cbe6fba10f262f7ff,Broken Aliasing and Mutation Semantics,Aliased Mutation
compiling double inplace clamp on strides produces wrong result with static shapes,https://github.com/pytorch/pytorch/issues/113641,https://github.com/pytorch/pytorch/pull/113838,https://github.com/pytorch/pytorch/commit/e736d27e386176fe24d16d77bd36d1c84a664e4a,Broken Aliasing and Mutation Semantics,Aliased Mutation
Mutation after `tensor.expand` returns wrong result.,https://github.com/pytorch/pytorch/issues/114302,https://github.com/pytorch/pytorch/pull/122114,https://github.com/pytorch/pytorch/commit/e6cf3e90a50b5623468091916c9ca76fdb87fad7,Broken Aliasing and Mutation Semantics,Aliased Mutation
inductor silently ignores clone followed by a reshape,https://github.com/pytorch/pytorch/issues/114464,https://github.com/pytorch/pytorch/pull/116168,https://github.com/pytorch/pytorch/commit/67ec870234d2f33094b75c9f3b0662f9bb5011fd,Broken Aliasing and Mutation Semantics,Aliased Mutation
Incorrect output from inductor: tile -> as_strided -> add,https://github.com/pytorch/pytorch/issues/127474,https://github.com/pytorch/pytorch/pull/127533,https://github.com/pytorch/pytorch/commit/4ee003abdfee3eef701735d6835db0e7b9f8ec61,Broken Aliasing and Mutation Semantics,Aliased Mutation
triton kernels (and maybe custom ops) that mutate multiple inputs silently incorrect with torch.compile,https://github.com/pytorch/pytorch/issues/132196,https://github.com/pytorch/pytorch/pull/132238,https://github.com/pytorch/pytorch/commit/718c13cd39d089009b0a95f9b0ea521a2954791e,Broken Aliasing and Mutation Semantics,Aliased Mutation
Composition of torch.compile and torch.func.grad silently produces a wrong result.,https://github.com/pytorch/pytorch/issues/136662,https://github.com/pytorch/pytorch/pull/152011,https://github.com/pytorch/pytorch/commit/2d39a48d524021995269411bd49fe792e59d9f94,Broken Aliasing and Mutation Semantics,Aliased Mutation
Output mismatch between torch.compile and eager mode,https://github.com/pytorch/pytorch/issues/138908,https://github.com/pytorch/pytorch/pull/139366,https://github.com/pytorch/pytorch/commit/ccf35af1421447c6425d6d290cb001b80d93c99b,Broken Aliasing and Mutation Semantics,Aliased Mutation
Inductor doesn't support tensor.view(dtype).copy_(...),https://github.com/pytorch/pytorch/issues/151156,https://github.com/pytorch/pytorch/pull/151598,https://github.com/pytorch/pytorch/commit/9ccdeae7db5a06372bef59b47ba962d39baff7b5,Broken Aliasing and Mutation Semantics,Aliased Mutation
Silent incorrectness between static torch.compile vs eager,https://github.com/pytorch/pytorch/issues/152425,https://github.com/pytorch/pytorch/pull/154442,https://github.com/pytorch/pytorch/commit/d6e29bf8751fd384f2fb58cce3acac0e54df03d3,Broken Aliasing and Mutation Semantics,Aliased Mutation
Compile produces different result than eager for mutable custom op use case,https://github.com/pytorch/pytorch/issues/153389,https://github.com/pytorch/pytorch/pull/156729,https://github.com/pytorch/pytorch/commit/b754b1fa43d20f5b31e17c396487ab56991912da,Broken Aliasing and Mutation Semantics,Aliased Mutation
[inductor] User-defined Triton kernel output + .cpu() correctness issue,https://github.com/pytorch/pytorch/issues/168181,https://github.com/pytorch/pytorch/pull/168281,https://github.com/pytorch/pytorch/commit/57d4e492381f75d6f31592287b834a46c5d2bd04,Broken Aliasing and Mutation Semantics,Aliased Mutation
[pt2] `pow` + `cos` produces wrong result,https://github.com/pytorch/pytorch/issues/98149,https://github.com/pytorch/pytorch/pull/98473,https://github.com/pytorch/pytorch/commit/88208c6fdf676ede74074ede4855cae7cdf9e897,Incorrect Kernel Code Generation,Mixed-dtype Operands
torch.bucketize works incorrectly on uint input with negative boundaries after torch.compile-gpu,https://github.com/pytorch/pytorch/issues/145929,https://github.com/pytorch/pytorch/pull/150634,https://github.com/pytorch/pytorch/commit/e5f4356a258d646df59aa350845c8ff913463ccf,Incorrect Operand Type-Promotion,Mixed-dtype Operands
[Fuzzer][Eager/Compile Divergence] 8+% numerical difference between eager and compile,https://github.com/pytorch/pytorch/issues/163449,https://github.com/pytorch/pytorch/pull/163520,https://github.com/pytorch/pytorch/commit/6fa972796ecb32566032d3d4538b4abe5032b6c9,Incorrect Operator Decomposition,Mixed-dtype Operands
`torch.compile` produces different VJP gradients from eager mode in `float16`,https://github.com/pytorch/pytorch/issues/167205,https://github.com/pytorch/pytorch/pull/168125,https://github.com/pytorch/pytorch/commit/b0f6b14bdf46384afb82d9747aeb052cc1b32214,Incorrect Operand Type-Promotion,Mixed-dtype Operands
[torch.compile] returns NaN for `tensor.mul(big_number).softmax()`,https://github.com/pytorch/pytorch/issues/100775,https://github.com/pytorch/pytorch/pull/116318,https://github.com/pytorch/pytorch/commit/6c624aad377723bde32026c8ddd58a3091c9efc4,External Dependency and Toolchain Misuse,Environment-Dependent
Discrepancy Between Eager Mode and Optimized Mode Results for hinge_embedding_loss,https://github.com/pytorch/pytorch/issues/113012,https://github.com/pytorch/pytorch/pull/113347,https://github.com/pytorch/pytorch/commit/0de67e7949b899a90911f7249d5ccece34e46211,External Dependency and Toolchain Misuse,Environment-Dependent
[Inductor][cpu][miscompile] Outputs of torch.matmul abnormally change with extra outputs,https://github.com/pytorch/pytorch/issues/115261,https://github.com/pytorch/pytorch/pull/136827,https://github.com/pytorch/pytorch/commit/cf0bb6c435c58db4c72e489f462e1a0ebe310f14,External Dependency and Toolchain Misuse,Environment-Dependent
Wrong meta function for constant_pad_nd,https://github.com/pytorch/pytorch/issues/144187,https://github.com/pytorch/pytorch/pull/144394,https://github.com/pytorch/pytorch/commit/781e9a7724c47496e3d38a81e6dd6194cf098c41,Incorrect Operator Decomposition,Environment-Dependent
torch.compile with numpy code differs from numpy's behavior,https://github.com/pytorch/pytorch/issues/157569,https://github.com/pytorch/pytorch/pull/157676,https://github.com/pytorch/pytorch/commit/f45f6e86b9ef3d9c94b87c2240dbe9a07bb9fd3d,External Dependency and Toolchain Misuse,Environment-Dependent
[Inductor][Compile]torch.compile remembers the old weight for evaluation if grad is disabled and it runs on CPU,https://github.com/pytorch/pytorch/issues/108863,https://github.com/pytorch/pytorch/pull/109587,https://github.com/pytorch/pytorch/commit/e4d8ec9fe82b6186efbff0e2a7b8393b157ef298,Unsound Compilation-Reuse Identity,Stateful Re-execution
torch.compile cannot handle torch.Tensor correctly,https://github.com/pytorch/pytorch/issues/135432,https://github.com/pytorch/pytorch/pull/135433,https://github.com/pytorch/pytorch/commit/4ab232d0c40051a7c684d679aabac1bd762d3c35,Faulty Symbolic-Variable Resolving,Stateful Re-execution
torch.full give wrong result with torch.compile and dtype=torch.float64,https://github.com/pytorch/pytorch/issues/166253,https://github.com/pytorch/pytorch/pull/166554,https://github.com/pytorch/pytorch/commit/32066772b3dee643b1657b8957f32b5ac8b1390a,Faulty Symbolic-Variable Resolving,Stateful Re-execution
[torch.compile] `fuse_attention` returns inconsistent value for the model,https://github.com/pytorch/pytorch/issues/121174,https://github.com/pytorch/pytorch/pull/122083,https://github.com/pytorch/pytorch/commit/1f8177dedf0cbea2d458e0c0a688a75e5669c848,Incorrect Layout Propagation,Layout-Constraint Chain
Flex attention returns zeros for batch dimensions > 0 in certain cases,https://github.com/pytorch/pytorch/issues/139462,https://github.com/pytorch/pytorch/pull/139516,https://github.com/pytorch/pytorch/commit/540f3ef9b1873923dde420453ab69fc9cf67fb69,Incorrect Layout Propagation,Layout-Constraint Chain
torch.compile doesn't preserve stride with clone(memory_format=torch.preserve_format),https://github.com/pytorch/pytorch/issues/161010,https://github.com/pytorch/pytorch/pull/161400,https://github.com/pytorch/pytorch/commit/979e10f7d6f1a8b0ec8903da6c30297bb53b0c76,Incorrect Layout Propagation,Layout-Constraint Chain
[inductor] `argmax` outputs wrong when working on transposed and mutated matrix,https://github.com/pytorch/pytorch/issues/163929,https://github.com/pytorch/pytorch/pull/164040,https://github.com/pytorch/pytorch/commit/1425b40f29ab11ce21f7a98de9e35551213efe27,Incorrect Layout Propagation,Layout-Constraint Chain
torch.compile / Inductor changes torch.index_select output layout from contiguous (eager) to non-contiguous,https://github.com/pytorch/pytorch/issues/168381,https://github.com/pytorch/pytorch/pull/168922,https://github.com/pytorch/pytorch/commit/ff961d2f025b6445509a6e5e4b7d1a448a9e0031,Incorrect Layout Propagation,Layout-Constraint Chain
